sample_id,target_stack_compatible,record_count,welding_time_ms,nominal_inclusive_count_at_10hz,count_gap_from_nominal_hypothesis,record_index_strictly_increasing,invalid_current_count,invalid_force_count,current_mean_a,current_rms_a,current_jensen_ratio,force_min_stored,force_mean_positive_stored,force_max_stored
1,False,3,200.0,3,0,True,0,1,1244.7766666666666,1250.153768075485,1.0086581237762875,0.0,5.115,6.82
3,False,15,1500.0,16,-1,True,0,0,1266.296,1275.844868814387,1.015138438104208,55.78,89.71199999999999,123.36
4,False,3,200.0,3,0,True,0,1,1416.6733333333334,1418.5783010935045,1.0026911617495597,0.0,12.43,16.57
5,False,3,200.0,3,0,True,0,0,1474.3500000000001,1481.8327999811584,1.0101764015169796,24.85,33.13666666666666,41.42
6,False,16,1500.0,16,0,True,0,1,1085.363125,1088.6044214469048,1.0059816594616529,0.0,66.28266666666667,124.19
7,False,15,1500.0,16,-1,True,0,0,1035.1979999999999,1039.0783540073705,1.0075108850678953,63.82,97.64466666666665,127.46
8,False,3,200.0,3,0,True,0,1,1207.3500000000001,1208.172192515068,1.0013624424851932,0.0,4.9350000000000005,6.58
9,False,3,200.0,3,0,True,0,0,1115.1333333333334,1115.397764715948,1.0004743158992637,9.88,13.173333333333332,16.47
10,False,16,1500.0,16,0,True,0,1,1047.665,1055.821593629814,1.0156316097244724,0.0,26.754000000000005,50.62
11,False,16,1500.0,16,0,True,0,0,1098.595,1099.6081176776115,1.001845238369217,54.07,91.91,129.13
12,False,3,200.0,3,0,True,0,1,1268.7066666666667,1270.6224958132398,1.003022409686849,0.0,12.415,16.55
13,False,3,200.0,3,0,True,0,0,1277.7433333333336,1277.82154462194,1.0001224247158897,24.85,33.196666666666665,41.54
14,False,16,1500.0,16,0,True,0,1,1046.9831250000002,1050.922536557167,1.0075394201485959,0.0,66.40133333333334,124.16
15,False,15,1500.0,16,-1,True,0,1,1172.2313333333332,1179.1618900529872,1.0118595096524576,0.0,24.909285714285712,46.58
16,False,3,200.0,3,0,True,0,1,869.13,873.8803317197764,1.010961107007521,0.0,4.96,6.61
17,False,3,200.0,3,0,True,0,1,1932.03,1933.1125434645548,1.0011209419591687,0.0,5.005,6.67
18,False,3,200.0,3,0,True,0,0,2270.5,2271.5443088495254,1.0009201048339125,53.89,53.92666666666667,53.95
19,False,15,1500.0,16,-1,True,0,1,1627.1913333333332,1630.8787297752501,1.004537357582247,0.0,62.037142857142875,115.69
20,False,15,1500.0,16,-1,True,0,0,1499.139333333333,1501.741277466484,1.0034742629657707,124.0,131.78333333333327,132.37
21,False,15,1500.0,16,-1,True,0,0,1466.9793333333332,1467.5259199051077,1.0007453252906586,63.02,97.634,132.35
22,False,16,1500.0,16,0,True,0,0,1475.39875,1475.9204458404931,1.000707318039148,53.25,53.95375,58.13
24,False,3,200.0,3,0,True,0,0,1236.2066666666667,1237.7088036906473,1.0024317125953266,10.11,13.520000000000001,16.93
25,False,3,200.0,3,0,True,0,0,1234.5566666666666,1234.9256986690873,1.0005979266365954,20.35,23.77,27.19
26,False,3,200.0,3,0,True,0,0,1347.46,1348.9739276205453,1.002248345926439,30.61,34.03,37.45
27,False,15,1500.0,16,-1,True,0,1,1228.0486666666663,1234.2747544664976,1.010165510211967,0.0,25.722142857142853,48.08
28,False,15,1500.0,16,-1,True,0,0,1202.9900000000002,1203.7031383554113,1.0011859611989518,51.5,54.771999999999984,55.05
29,False,15,1500.0,16,-1,True,0,0,1268.8826666666666,1269.627726729375,1.001174700898275,55.05,88.88866666666668,122.48
30,False,15,1500.0,16,-1,True,0,0,1331.3400000000001,1332.2939711089791,1.0014336125899839,127.36,132.45199999999997,133.53
31,False,2,200.0,3,-1,True,0,1,1053.875,1054.0885123413498,1.0004052358579016,0.0,8.31,8.31
34,True,10,1000.0,11,-1,True,0,0,2826.6440000000002,2877.070588522291,1.0359977323549072,77.33,77.44200000000001,77.57
35,True,11,1000.0,11,0,True,0,0,2809.81,2864.6354991247063,1.0394050711183842,76.89,77.02454545454546,77.25
36,True,10,1000.0,11,-1,True,0,0,2871.7810000000004,2912.069266094129,1.0282548484654601,77.07,77.196,77.37
37,True,10,1000.0,11,-1,True,0,0,2980.4359999999997,3038.8362852809296,1.039573034797534,77.26,77.304,77.37
39,True,2,1000.0,11,-9,True,0,0,2435.44,2637.3381417633955,1.172672557410888,77.14,77.155,77.17
40,True,11,1000.0,11,0,True,0,0,2798.410909090909,2847.5550935399747,1.0354313272085085,76.95,77.01181818181817,77.1
41,True,10,1000.0,11,-1,True,0,0,2793.369,2864.7880966678845,1.0517884288655055,76.85,76.939,77.05
42,True,11,1000.0,11,0,True,0,0,2823.400909090909,2870.5237669630956,1.0336587697794588,77.01,77.04272727272728,77.15
44,True,10,1000.0,11,-1,True,0,0,2780.2780000000002,2822.4483835847204,1.030565430616814,77.37,77.402,77.5
45,True,11,1000.0,11,0,True,0,0,2653.050909090909,2727.2284119863257,1.0567003663272863,77.41,77.45545454545454,77.53
46,True,11,1000.0,11,0,True,0,0,3038.3245454545454,3075.430395158316,1.0245743525026711,77.54,77.61363636363636,77.78
47,True,11,1000.0,11,0,True,0,0,2716.4263636363635,2773.731854037084,1.0426368606603271,77.78,77.82272727272726,77.92
48,True,11,1000.0,11,0,True,0,0,2698.5045454545457,2784.4775052536584,1.0647339927394543,77.77,77.84000000000002,77.9
49,True,11,1000.0,11,0,True,0,0,2856.0472727272727,2911.8432748940068,1.039453842812373,77.84,77.88545454545455,77.99
50,True,11,1000.0,11,0,True,0,0,2661.6090909090913,2731.4691580140197,1.0531835321803906,77.88,77.92545454545454,77.99
51,True,11,1000.0,11,0,True,0,0,2583.604545454545,2672.558472041691,1.0700457628926248,77.7,77.78727272727272,77.88
52,True,10,1000.0,11,-1,True,0,0,2664.688,2727.870839981248,1.0479845363910083,77.71,77.75800000000001,77.82
53,True,11,1000.0,11,0,True,0,0,2200.6290909090912,2233.8535660276716,1.0304233749498133,83.72,84.44636363636364,85.48
54,True,11,1000.0,11,0,True,0,0,2118.7981818181815,2156.06379614249,1.0354855220727213,85.49,85.81818181818181,86.1
55,True,11,1000.0,11,0,True,0,0,2137.9963636363636,2185.0964289893063,1.0445453261220503,82.83,82.9909090909091,83.32
58,True,11,1000.0,11,0,True,0,0,3272.950909090909,3351.1907922327337,1.048381443806858,99.36,99.8409090909091,100.52
59,True,11,1000.0,11,0,True,0,0,3539.9927272727277,3588.6647044168494,1.0276873884604365,97.24,98.19636363636364,99.28
60,True,10,1000.0,11,-1,True,0,0,3382.0370000000003,3442.22085562359,1.0359069673051637,96.29,96.606,97.12
61,True,11,1000.0,11,0,True,0,0,3097.6427272727274,3175.6346012626145,1.0509895513531502,96.35,98.5281818181818,100.69
62,True,10,1000.0,11,-1,True,0,0,3285.5769999999998,3365.8726812329073,1.04947493105259,100.91,101.701,102.21
64,True,11,1000.0,11,0,True,0,0,3061.5163636363636,3143.366946461881,1.0541853926245406,100.04,101.60181818181817,103.17
65,True,10,1000.0,11,-1,True,0,0,3408.3290000000006,3445.6663593926214,1.02202948713713,103.48,104.60900000000001,105.11
66,True,10,1000.0,11,-1,True,0,0,3249.825,3299.0371413565504,1.0305153363015869,104.78,104.91899999999998,105.04
67,True,11,1000.0,11,0,True,0,0,3023.9172727272726,3115.6891993221543,1.0616184220982896,104.09,104.36181818181818,104.74
70,True,11,1000.0,11,0,True,0,0,3083.9254545454537,3144.661864640978,1.0397768999348542,103.65,103.81636363636363,104.06
71,True,10,1000.0,11,-1,True,0,0,3034.822,3096.862762109422,1.0413038462854922,104.11,104.484,104.82
72,True,11,1000.0,11,0,True,0,0,2972.8454545454547,3040.9720591523783,1.0463577473893633,104.87,105.28272727272726,105.59
73,True,11,1000.0,11,0,True,0,0,2936.4527272727278,3012.92267589281,1.052761379799955,105.62,105.7590909090909,105.81
75,True,11,1000.0,11,0,True,0,0,2888.1709090909094,2957.821529904,1.0488132206037686,105.26,105.3281818181818,105.41
77,True,11,1000.0,11,0,True,0,0,2840.6363636363635,2883.6212544047016,1.0304932499571997,105.76,106.10090909090908,106.34
79,True,11,1000.0,11,0,True,0,0,2559.9936363636366,2623.430254337387,1.0501740289168497,106.36,106.37909090909092,106.4
80,True,11,1000.0,11,0,True,0,0,2718.406363636364,2805.903401750414,1.0654097694423286,106.42,106.60545454545453,106.65
81,True,10,1000.0,11,-1,True,0,0,2707.2070000000003,2795.7530954521003,1.0664848740151234,106.31,106.50900000000001,106.6
82,True,11,1000.0,11,0,True,0,0,2595.8281818181817,2678.81103084423,1.0649574868661995,106.22,106.24636363636364,106.29
83,True,11,1000.0,11,0,True,0,0,2528.441818181818,2621.6421614393453,1.075080281739978,106.23,106.33545454545455,106.46
85,True,8,800.0,9,-1,True,0,0,2996.21375,3082.736666780427,1.058588741204642,114.11,114.6225,115.23
86,True,8,800.0,9,-1,True,0,0,3199.9175,3244.413130694825,1.0280038419586621,113.22,114.345,115.45
87,True,9,800.0,9,0,True,0,0,3128.5366666666664,3175.1101372340877,1.029994938428793,114.86,115.19222222222223,115.48
88,True,9,800.0,9,0,True,0,0,2996.1511111111113,3051.2296282355123,1.0371041190823869,114.05,114.35666666666667,114.74
89,True,9,800.0,9,0,True,0,0,2708.6844444444446,2794.3322924647155,1.0642392499823972,113.99,114.02444444444444,114.05
90,True,9,800.0,9,0,True,0,0,2555.83,2660.928198599128,1.0839328658996417,114.0,114.05222222222223,114.09
91,True,9,800.0,9,0,True,0,0,2675.2055555555553,2762.415917479561,1.0662617261771843,114.14,114.53222222222222,114.95
92,True,9,800.0,9,0,True,0,0,2779.761111111111,2882.1353306089645,1.0750131798289855,115.02,115.23666666666668,115.4
93,True,8,800.0,9,-1,True,0,0,2805.44875,2908.5518287349632,1.0748526594479382,115.36,115.41875,115.45
94,True,8,800.0,9,-1,True,0,0,2723.3725000000004,2812.1945174854104,1.0662931493001602,115.13,115.21249999999999,115.32
95,True,9,800.0,9,0,True,0,0,2684.887777777778,2771.4607257966572,1.0655287724228522,114.79,114.94555555555556,115.11
96,True,9,800.0,9,0,True,0,0,2770.027777777778,2844.8940506204367,1.0547850015964975,114.78,114.89333333333333,114.97
97,True,8,800.0,9,-1,True,0,0,2805.50375,2877.8620625887374,1.0522483203919604,115.0,115.14500000000001,115.28
98,True,9,800.0,9,0,True,0,0,2691.704444444444,2791.8686134399504,1.0758090899265862,115.33,115.55222222222223,115.78
99,True,8,800.0,9,-1,True,0,0,2863.9612500000003,2945.7165550783225,1.0579073533702592,115.37,115.5575,115.78
100,True,9,800.0,9,0,True,0,0,2799.8333333333335,2879.7473566115327,1.057899512934152,115.14,115.24888888888889,115.36
101,True,9,800.0,9,0,True,0,0,2729.253333333333,2802.459493369668,1.0543650202568324,115.12,115.36111111111111,115.54
102,True,9,800.0,9,0,True,0,0,2690.8288888888887,2797.0656913113626,1.080520893885674,115.56,115.6522222222222,115.75
103,True,9,800.0,9,0,True,0,0,2756.8433333333332,2851.6042310503826,1.069927444462711,115.78,115.85333333333334,115.91
105,True,9,800.0,9,0,True,0,0,2656.211111111111,2742.3487355347224,1.0659091380945318,115.94,115.97222222222223,116.0
106,True,9,800.0,9,0,True,0,0,2656.5655555555554,2768.84143880312,1.0863133014299435,116.01,116.05444444444444,116.1
108,True,9,800.0,9,0,True,0,0,2796.0844444444447,2856.62479242355,1.0437724638779238,115.89,115.94222222222223,116.0
109,True,8,800.0,9,-1,True,0,0,2833.96375,2911.582482102731,1.0555276490245324,115.8,115.845,115.89
110,True,8,800.0,9,-1,True,0,0,2903.715,2962.3862908135393,1.0408194571430944,115.6,115.695,115.77
111,True,9,800.0,9,0,True,0,0,2877.2788888888886,2941.6612233887317,1.0452529284782694,115.49,115.50777777777778,115.55
112,True,9,800.0,9,0,True,0,0,2793.1566666666668,2844.4229805064742,1.0370453916843605,115.48,115.53333333333333,115.61
113,True,9,800.0,9,0,True,0,0,2708.15,2808.859853493347,1.0757583125752692,115.65,115.7888888888889,115.92
114,True,9,800.0,9,0,True,0,0,2650.3122222222223,2721.364087411965,1.05433644726988,115.92,115.95666666666665,115.99
116,True,9,800.0,9,0,True,0,0,2728.2255555555557,2796.5190687690456,1.0506910301694772,115.97,116.01333333333332,116.04
117,False,8,800.0,9,-1,True,0,0,2659.6724999999997,2785.4620642318932,1.0968270952967347,115.98,116.00500000000001,116.03
118,True,8,800.0,9,-1,True,0,0,2684.92375,2796.784517367668,1.0850608660450674,115.91,115.92875,115.95
119,True,9,800.0,9,0,True,0,0,2798.0266666666666,2865.1753256805923,1.0485730861414893,115.84,115.88444444444445,115.91
122,True,8,800.0,9,-1,True,0,0,2959.3,3012.6879598831674,1.0364069469244945,114.15,114.7175,115.21
123,False,8,800.0,9,-1,True,0,0,3139.955,3194.9341738054636,1.0353256679669798,112.38,113.19125,114.04
125,True,9,800.0,9,0,True,0,0,2926.7855555555557,3009.038339172685,1.056996712399817,112.75,113.65888888888888,114.64
127,True,9,800.0,9,0,True,0,0,2887.1044444444447,2961.5392924738762,1.0522283713211955,113.81,113.84333333333335,113.87
128,True,9,800.0,9,0,True,0,0,2954.9744444444445,3056.9253522143963,1.0701932533595069,114.05,114.58999999999999,115.0
129,True,8,800.0,9,-1,True,0,0,2741.84125,2830.6337955107333,1.065817294629225,114.76,114.84,115.0
130,True,9,800.0,9,0,True,0,0,2923.207777777778,3001.789434122772,1.0544866312890067,114.32,114.49111111111112,114.68
132,True,8,800.0,9,-1,True,0,0,2700.3637499999995,2798.3212745657884,1.073867279807325,114.38,114.425,114.45
133,True,9,800.0,9,0,True,0,0,2774.9777777777776,2855.8910697791757,1.0591665523854052,114.42,114.57111111111112,114.68
135,True,9,800.0,9,0,True,0,0,2845.8755555555554,2912.0809487871193,1.0470684545255424,114.26,114.41666666666667,114.64
136,True,7,600.0,7,0,True,0,0,3094.1771428571424,3145.436932310495,1.0334075171381782,103.78,104.18285714285715,104.76
137,True,7,600.0,7,0,True,0,0,3171.5414285714287,3208.545790721576,1.023471387358105,104.4,104.99285714285713,105.32
138,True,7,600.0,7,0,True,0,0,3262.472857142857,3317.284072212861,1.0338832816297592,103.95,104.3,104.74
140,True,7,600.0,7,0,True,0,0,3024.528571428571,3092.41878403113,1.0453969346240728,104.19,104.23142857142857,104.3
141,True,6,600.0,7,-1,True,0,0,2790.066666666666,2842.710193518385,1.0380924023773985,104.47,104.795,105.0
142,True,7,600.0,7,0,True,0,0,2854.504285714286,2897.569783064521,1.0304013268172916,105.04,105.5457142857143,106.11
143,True,7,600.0,7,0,True,0,0,2782.8685714285716,2844.1635679806764,1.044536801950852,106.3,107.01571428571427,107.55
144,True,6,600.0,7,-1,True,0,0,2538.27,2612.6592626287875,1.0594730492667381,107.66,107.84500000000001,107.98
145,True,7,600.0,7,0,True,0,0,2466.285714285714,2523.648519527687,1.047058537814282,107.75,107.77571428571426,107.81
146,True,7,600.0,7,0,True,0,0,2665.5957142857146,2696.4897681271264,1.023314175930789,107.65,107.67571428571428,107.73
147,True,7,600.0,7,0,True,0,0,2847.7,2883.28842918736,1.025150688626219,107.67,107.80285714285715,107.91
149,True,7,600.0,7,0,True,0,0,2440.434285714286,2518.775736741959,1.0652333792620172,107.57,107.72857142857144,107.84
150,True,6,600.0,7,-1,True,0,0,2849.295,2899.6180761064606,1.0356351089236073,107.53,107.59333333333335,107.7
151,True,7,600.0,7,0,True,0,0,2749.8414285714284,2788.589257556075,1.0283804186625036,107.67,107.70142857142858,107.74
152,True,7,600.0,7,0,True,0,0,2946.8171428571427,2987.256858667688,1.0276346951171182,107.67,107.70857142857142,107.74
153,True,7,600.0,7,0,True,0,0,2645.5485714285714,2700.220682134809,1.0417584692997388,107.37,107.43571428571428,107.61
154,True,6,600.0,7,-1,True,0,0,2521.298333333333,2570.850215787895,1.0396928925778306,107.24,107.28166666666668,107.34
157,True,7,600.0,7,0,True,0,0,2449.3328571428574,2539.0852700107794,1.0746299867582756,107.52,107.69142857142857,107.87
158,True,6,600.0,7,-1,True,0,0,2966.645,2988.228921348452,1.014603997853665,107.77,107.815,107.85
160,True,7,600.0,7,0,True,0,0,2755.1,2800.1988594332774,1.0330064071608485,107.48,107.55285714285715,107.64
161,False,7,600.0,7,0,True,0,0,2719.4985714285717,2750.9764190737806,1.0232837214957238,107.79,108.03285714285714,108.14
164,True,7,600.0,7,0,True,0,0,2834.5,2908.7436039441004,1.0530717441171986,107.82,107.9342857142857,108.14
166,True,7,600.0,7,0,True,0,0,3559.344285714285,3577.7142966884,1.0103487687145505,108.11,108.21571428571428,108.32
167,True,7,600.0,7,0,True,0,0,3415.0371428571425,3434.1090044310304,1.0112005321274424,107.89,108.17999999999999,108.37
168,True,7,600.0,7,0,True,0,0,3248.7914285714287,3284.1581375923856,1.021890732470562,107.87,107.99,108.17
171,True,7,600.0,7,0,True,0,0,3311.5685714285714,3331.1804325022254,1.0118795269352048,108.26,108.50714285714285,108.7
172,True,7,600.0,7,0,True,0,0,3346.9700000000003,3378.6381314856094,1.0190129873672331,108.09,108.21285714285715,108.29
173,True,7,600.0,7,0,True,0,0,3198.9842857142858,3254.697830391808,1.03513533891037,108.07,108.21,108.36
174,True,6,600.0,7,-1,True,0,0,3278.5966666666664,3300.478580453649,1.0133928859405303,108.42,108.59666666666668,108.7
176,True,7,600.0,7,0,True,0,0,3329.0828571428574,3354.921549497948,1.0155832504234321,108.42,108.45857142857143,108.58
177,True,6,600.0,7,-1,True,0,0,2896.7183333333337,2946.9821098116627,1.035005035681376,108.03,108.12666666666667,108.29
178,True,7,600.0,7,0,True,0,0,3186.5371428571425,3244.64297599245,1.0368020859738116,108.12,108.16285714285713,108.29
179,True,7,600.0,7,0,True,0,0,3164.5085714285715,3214.817716863142,1.0320486103944264,108.1,108.2,108.3
180,True,7,600.0,7,0,True,0,0,2959.0628571428574,2979.846064063425,1.0140964853795702,108.09,108.17285714285715,108.28
181,True,7,600.0,7,0,True,0,0,3000.0914285714284,3045.176869927732,1.0302818863693675,107.82,107.91571428571429,108.11
182,True,7,600.0,7,0,True,0,0,2629.7485714285713,2695.0304897612673,1.050265041401495,107.87,107.9657142857143,108.2
183,True,5,600.0,7,-2,True,0,0,3009.3299999999995,3047.3707063663915,1.0254416372886714,108.14,108.18800000000002,108.32
186,True,5,400.0,5,0,True,0,0,2347.252,2429.7392505534417,1.0715190666830483,91.51,91.886,92.4
187,True,5,400.0,5,0,True,0,0,2253.036,2378.0799661155215,1.114080688604604,91.54,91.688,91.82
188,True,5,400.0,5,0,True,0,0,2420.496,2523.493329121359,1.0869150029179895,91.52,92.0,92.85
189,True,5,400.0,5,0,True,0,0,2453.0299999999997,2558.2865584957444,1.0876587522198342,91.05,91.558,92.03
191,True,5,400.0,5,0,True,0,0,2383.5519999999997,2524.993233543409,1.1222023536837304,91.89,92.018,92.14
193,True,5,400.0,5,0,True,0,0,2228.7059999999997,2323.6480892036984,1.0870140242397472,91.98,92.03,92.09
195,True,5,400.0,5,0,True,0,0,2629.7960000000003,2734.9263825924095,1.0815513916777,91.89,92.012,92.08
196,True,4,400.0,5,-1,True,0,0,2360.0775,2415.2191932772894,1.04727460719504,92.1,92.19500000000001,92.25
198,True,5,400.0,5,0,True,0,0,2752.0299999999997,2832.788727805164,1.0595514338268854,92.08,92.114,92.16
199,True,5,400.0,5,0,True,0,0,2740.452,2831.574427706254,1.0676073712996335,91.8,91.87400000000001,91.96
201,True,5,400.0,5,0,True,0,0,2889.766,2928.794801849389,1.0271941470675339,91.97,92.14000000000001,92.24
203,True,5,400.0,5,0,True,0,0,2667.006,2719.15834575701,1.039491666659114,92.66,92.68199999999999,92.71
204,True,5,400.0,5,0,True,0,0,2681.7799999999997,2760.4620491287324,1.0595397792532115,92.77,92.928,93.01
205,True,5,400.0,5,0,True,0,0,2627.368,2679.653890479142,1.0401969938730644,92.92,93.054,93.15
207,True,5,400.0,5,0,True,0,0,2571.036,2664.8490586447856,1.0743082586957196,93.42,93.50200000000001,93.59
209,True,5,400.0,5,0,True,0,0,2397.606,2537.901765431436,1.1204538730799933,93.24,93.358,93.46
210,True,4,400.0,5,-1,True,0,0,2727.07,2783.1447396156027,1.041547339437951,92.98,93.08,93.16
212,True,5,400.0,5,0,True,0,0,2193.076,2231.2076969838554,1.035076942926754,92.94,93.02,93.1
213,False,5,400.0,5,0,True,0,0,2701.512,2744.464796662548,1.0320518742877387,93.04,93.098,93.15
214,True,5,400.0,5,0,True,0,0,2794.9719999999998,2851.190721267169,1.0406330507274675,93.27,93.508,93.62
215,True,5,400.0,5,0,True,0,0,2625.5080000000003,2768.4288072984646,1.111834196804026,93.54,93.614,93.72
216,True,5,400.0,5,0,True,0,0,3240.132,3263.967896177902,1.0147670342238515,93.44,93.468,93.5
218,True,5,400.0,5,0,True,0,0,2952.638,3003.9426105803022,1.035053630905384,92.99,93.088,93.17
219,True,5,400.0,5,0,True,0,0,2839.874,2909.8223952502667,1.0498682955978582,92.9,92.954,93.01
222,True,5,400.0,5,0,True,0,0,2756.6099999999997,2804.2301337907343,1.0348482012841287,93.0,93.05999999999999,93.15
224,True,5,400.0,5,0,True,0,0,2912.358,2965.216788233198,1.0366290662844657,93.02,93.026,93.04
225,True,4,400.0,5,-1,True,0,0,2742.7200000000003,2839.1253113150888,1.0715345437175654,93.02,93.045,93.07
226,True,5,400.0,5,0,True,0,0,2845.618,2899.641316842481,1.0383298996174681,93.1,93.158,93.19
227,True,5,400.0,5,0,True,0,0,2461.64,2530.0298569937863,1.0563363192651447,93.17,93.186,93.2
228,True,5,400.0,5,0,True,0,0,2588.734,2705.2053187919028,1.0920074716472086,92.91,93.026,93.13
229,True,5,400.0,5,0,True,0,0,2644.2740000000003,2741.958420031201,1.0752484368014446,92.56,92.72,92.83
230,True,5,400.0,5,0,True,0,0,2740.912,2829.7530879495475,1.0658765327299502,92.54,92.572,92.61
231,True,5,400.0,5,0,True,0,0,2685.172,2741.832191407782,1.0426475389548022,92.63,92.64199999999998,92.66
232,True,5,400.0,5,0,True,0,0,2583.196,2667.172586924213,1.066074409926028,92.53,92.598,92.64
233,True,5,400.0,5,0,True,0,0,2556.9120000000003,2648.9252670620967,1.073267180057565,92.56,92.644,92.7
234,True,5,400.0,5,0,True,0,0,2656.88,2740.578342780954,1.063997392427816,92.55,92.614,92.67
235,True,5,400.0,5,0,True,0,0,2783.4440000000004,2862.266096120345,1.0574382999395422,92.55,92.62199999999999,92.76
236,True,11,1000.0,11,0,True,0,0,3572.47,3623.2258892607138,1.0286168653975847,74.67,76.70454545454545,78.25
237,True,10,1000.0,11,-1,True,0,0,3699.529,3740.7225258350827,1.0223935894154663,75.28,76.42399999999999,78.0
238,True,11,1000.0,11,0,True,0,0,3581.491818181818,3619.6416629412365,1.0214173487931963,76.1,77.01818181818182,77.96
239,True,11,1000.0,11,0,True,0,0,3452.25,3491.538458292614,1.0228905902909877,72.71,76.51818181818182,77.43
240,True,9,1000.0,11,-2,True,0,0,3338.8811111111113,3382.6043630134723,1.0263618454103445,76.94,77.13444444444445,77.2
241,True,10,1000.0,11,-1,True,0,0,2837.05,2854.74402360702,1.0125124339508311,76.65,76.76599999999999,76.86
242,True,10,1000.0,11,-1,True,0,0,3534.1639999999998,3557.5626827394062,1.0132852582458747,76.02,76.282,76.59
243,True,11,1000.0,11,0,True,0,0,3407.4400000000005,3443.605748775548,1.021340170952929,75.23,75.57818181818182,76.0
244,True,10,1000.0,11,-1,True,0,0,3661.654,3713.6348086207936,1.0285935089314002,73.97,74.519,75.16
246,True,11,1000.0,11,0,True,0,0,3408.5954545454547,3462.0830562420338,1.0316301922742017,73.35,73.39272727272727,73.42
247,True,11,1000.0,11,0,True,0,0,3267.2218181818184,3320.395080485015,1.0328143948711457,73.38,74.80818181818182,76.31
248,True,11,1000.0,11,0,True,0,0,3323.01,3375.9201246865473,1.0320982190362908,76.44,77.10363636363637,77.46
249,True,11,1000.0,11,0,True,0,0,3233.2654545454543,3293.9169979137987,1.0378690913837,75.67,76.24090909090908,77.06
251,True,10,1000.0,11,-1,True,0,0,3505.9919999999997,3562.150968605907,1.032292569803565,73.25,73.578,74.05
252,True,1,1000.0,11,-10,True,1,1,,,nan,-99.0,,-99.0
254,True,11,1000.0,11,0,True,0,0,3521.495454545455,3559.485406726652,1.021692414938876,73.38,73.72545454545455,73.89
255,True,11,1000.0,11,0,True,0,0,3492.5054545454545,3537.717124777708,1.026058261637052,73.29,73.64454545454545,73.78
256,True,11,1000.0,11,0,True,0,0,3407.3618181818183,3457.2456955632915,1.0294943893721151,73.16,73.26181818181819,73.33
257,True,10,1000.0,11,-1,True,0,0,3657.6950000000006,3676.5362006336886,1.0103287601680289,73.21,73.369,73.53
258,True,11,1000.0,11,0,True,0,0,3579.889090909091,3636.2361008828393,1.0317274954633144,73.3,73.35818181818182,73.45
259,True,11,1000.0,11,0,True,0,0,3537.3254545454547,3591.8442103617317,1.0310623885658052,73.14,73.21181818181817,73.31
261,True,10,1000.0,11,-1,True,0,0,3657.9680000000008,3699.5292369813756,1.022852765790215,73.31,73.422,73.6
262,True,11,1000.0,11,0,True,0,0,3730.938181818182,3770.955871777195,1.0215668558290862,73.46,73.57545454545455,73.75
264,True,11,1000.0,11,0,True,0,0,3666.850909090909,3715.270795266966,1.0265838856677187,73.81,73.91272727272727,74.08
265,True,11,1000.0,11,0,True,0,0,3871.570909090909,3929.2999538617796,1.0300443646311208,73.87,73.95181818181817,74.04
266,True,10,1000.0,11,-1,True,0,0,3868.032,3911.8527242088244,1.0227862362616222,73.85,73.924,74.05
268,True,10,1000.0,11,-1,True,0,0,3963.7050000000004,3987.5358825081435,1.0120606964503083,74.01,74.06,74.17
269,True,10,1000.0,11,-1,True,0,0,3879.197,3917.2565623647884,1.019718651710215,73.94,73.99499999999998,74.09
270,True,10,1000.0,11,-1,True,0,0,3662.9139999999998,3719.558190207541,1.0311676277156452,74.13,74.873,75.71
271,True,10,1000.0,11,-1,True,0,0,3797.8239999999996,3830.8598323613983,1.0174729084113814,75.9,76.973,77.74
272,True,10,1000.0,11,-1,True,0,0,3725.8770000000004,3757.69721454643,1.0171535947608312,77.83,78.33900000000001,78.7
274,True,11,1000.0,11,0,True,0,0,3473.950909090909,3538.425024653046,1.037463058438496,79.39,79.89272727272727,80.22
275,True,11,1000.0,11,0,True,0,0,3821.364545454545,3850.921417031844,1.0155291007052507,79.86,80.0909090909091,80.22
276,True,11,1000.0,11,0,True,0,0,3635.1899999999996,3674.220129413983,1.021588779569737,79.64,79.72090909090907,79.8
278,True,10,1000.0,11,-1,True,0,0,3688.4660000000003,3713.263107871566,1.0134909536052297,79.69,79.744,79.84
279,True,10,1000.0,11,-1,True,0,0,3814.297,3840.724866398269,1.0139052731866303,79.31,79.44500000000001,79.69
282,True,11,1000.0,11,0,True,0,0,3728.4836363636364,3769.130268442696,1.0219221505519338,77.07,77.25090909090909,77.64
283,True,11,1000.0,11,0,True,0,0,3837.1436363636367,3869.9163097575215,1.0171547539695494,76.74,76.8290909090909,77.02
284,True,11,1000.0,11,0,True,0,0,3663.0181818181823,3697.847926262468,1.0191073763305565,76.62,76.67818181818183,76.78
285,True,11,1000.0,11,0,True,0,0,3898.129999999999,3934.1922127038993,1.0185878979407859,76.5,76.55636363636363,76.69
286,True,11,800.0,9,2,True,0,0,3811.7436363636366,3853.722616675041,1.0221474175374594,73.86,74.64272727272727,74.85
287,True,11,800.0,9,2,True,0,0,3842.3072727272724,3879.562229389947,1.0194859836917949,74.58,74.77454545454546,74.87
288,True,11,800.0,9,2,True,0,0,3602.294545454546,3626.7190668977933,1.0136065074808465,74.67,74.7209090909091,74.85
289,True,11,800.0,9,2,True,0,0,3640.05,3676.47570117831,1.0201139851251113,74.59,74.65545454545455,74.79
290,True,11,800.0,9,2,True,0,0,3727.882727272727,3750.0390010856736,1.0119221108415173,74.82,74.95454545454544,75.17
291,True,10,800.0,9,1,True,0,0,3825.6949999999997,3864.207552126309,1.0202349645939943,75.16,75.208,75.27
292,True,11,800.0,9,2,True,0,0,3539.3590909090913,3563.699474250421,1.013801413107405,75.04,75.11090909090909,75.27
294,True,11,800.0,9,2,True,0,0,2730.5554545454547,2749.9521748750467,1.0142576217441759,74.88,74.92272727272729,75.01
295,True,11,800.0,9,2,True,0,0,3060.7145454545457,3132.2567268490156,1.0472950390790299,74.87,74.93727272727273,75.08
296,True,11,800.0,9,2,True,0,0,3027.343636363636,3091.708363716204,1.0429742826578101,74.9,74.95272727272726,75.08
297,True,10,800.0,9,1,True,0,0,3001.5359999999996,3059.2006938381796,1.0387925469165022,74.69,74.75999999999999,74.87
298,True,11,800.0,9,2,True,0,0,2986.900909090909,3029.8958122636377,1.0289961731276513,74.82,74.88909090909091,75.05
299,True,10,800.0,9,1,True,0,0,2922.6140000000005,2982.9681606648096,1.041727946214686,75.03,75.08500000000001,75.21
300,True,8,800.0,9,-1,True,0,0,4007.40125,4036.760456580561,1.0147061654794496,80.33,80.6725,80.84
302,True,9,800.0,9,0,True,0,0,3597.196666666667,3621.459998445992,1.0135356295092999,80.49,80.7188888888889,80.96
303,True,9,800.0,9,0,True,0,0,3617.68,3651.0500872823486,1.0185334208245373,80.45,80.4688888888889,80.49
304,True,9,800.0,9,0,True,0,0,2932.0788888888887,2948.0852351936273,1.010947888227853,80.51,80.69333333333333,80.9
305,True,8,800.0,9,-1,True,0,0,3322.2300000000005,3349.7262996959917,1.0166214173562267,80.97,81.135,81.25
306,True,9,800.0,9,0,True,0,0,3651.008888888889,3678.322362729449,1.0150181178723312,80.29,80.71222222222222,81.25
307,True,9,800.0,9,0,True,0,0,3388.181111111111,3427.226042350674,1.0231805232067814,79.88,80.01222222222222,80.22
310,True,9,800.0,9,0,True,0,0,2896.474444444444,2960.1170622554027,1.0444276729666846,78.65,78.89555555555556,79.15
311,True,9,800.0,9,0,True,0,0,2954.1555555555556,2991.202701582685,1.0252386468444588,78.62,78.65666666666667,78.69
312,True,9,800.0,9,0,True,0,0,2917.7155555555555,3007.195899841283,1.0622764157487594,78.68,78.86222222222221,79.0
313,True,8,800.0,9,-1,True,0,0,3489.48625,3506.3900708652623,1.0097118959759164,78.71,78.84625,78.98
314,True,8,800.0,9,-1,True,0,0,3348.0737499999996,3401.0024383021987,1.0318673118467367,78.09,78.315,78.63
316,True,9,800.0,9,0,True,0,0,3250.5988888888887,3273.2067849180157,1.0139583601029316,77.8,77.84222222222223,77.89
317,True,9,800.0,9,0,True,0,0,3338.9355555555558,3361.4084551766887,1.0135064165353374,77.93,78.19333333333333,78.42
318,True,9,800.0,9,0,True,0,0,3650.432222222222,3660.6682902700823,1.0056160031198058,78.07,78.29222222222221,78.41
320,True,8,800.0,9,-1,True,0,0,3259.1425000000004,3308.2640218247398,1.0303709945477044,80.75,81.7525,82.81
322,True,9,800.0,9,0,True,0,0,3396.9633333333336,3418.236685318259,1.012564141360655,80.43,80.85333333333334,81.34
323,True,8,800.0,9,-1,True,0,0,3698.54875,3729.3595121733033,1.0167303982179448,79.76,80.06625000000001,80.37
325,False,9,800.0,9,0,True,0,0,3597.257777777778,3628.6305156659614,1.0175186462851347,79.07,79.11666666666666,79.16
326,True,9,800.0,9,0,True,0,0,3536.594444444445,3559.0765010088408,1.0127543691532925,78.98,79.02333333333334,79.07
328,True,9,800.0,9,0,True,0,0,3287.056666666667,3317.9760458431415,1.0189012861016973,78.91,78.92333333333335,78.93
329,True,9,800.0,9,0,True,0,0,2888.3088888888888,2971.266872198157,1.0582689357624082,78.94,78.97111111111111,78.99
330,True,8,800.0,9,-1,True,0,0,3215.585,3274.951014267236,1.037264771961629,79.01,80.19500000000001,81.38
331,True,9,800.0,9,0,True,0,0,2920.6777777777775,3045.024316155419,1.0869616896617145,81.57,82.50222222222222,83.46
332,True,9,800.0,9,0,True,0,0,3576.1244444444446,3604.2675727932424,1.0158013895639877,82.25,82.81,83.46
333,True,8,800.0,9,-1,True,0,0,3593.995,3619.711621645432,1.0143620837194907,81.8,82.03999999999999,82.22
334,True,8,800.0,9,-1,True,0,0,3643.0812499999997,3658.8781617474638,1.0086910828908835,81.43,81.57875,81.73
337,True,6,600.0,7,-1,True,0,0,3229.375,3303.343308838789,1.0463343060976844,89.07,89.18,89.26
338,True,7,600.0,7,0,True,0,0,3898.2599999999998,3921.7295777391746,1.0120772997936789,89.11,89.1842857142857,89.24
340,True,7,600.0,7,0,True,0,0,3832.137142857143,3875.5340779156763,1.022777190455085,89.11,89.19857142857144,89.31
342,True,7,600.0,7,0,True,0,0,3690.371428571428,3726.9938248406047,1.0199460206622948,89.46,89.52000000000001,89.7
343,True,7,600.0,7,0,True,0,0,3776.565714285714,3805.413269424792,1.0153354843209075,89.73,89.82428571428571,89.96
344,True,7,600.0,7,0,True,0,0,3449.825714285714,3529.795498803214,1.0468989878078283,89.87,89.94571428571427,90.05
345,True,7,600.0,7,0,True,0,0,3742.627142857143,3785.473863103912,1.0230276646145438,89.88,89.96285714285715,90.03
346,True,7,600.0,7,0,True,0,0,3394.6871428571426,3435.8272455386514,1.0243848040897603,89.98,90.04857142857142,90.18
347,True,7,600.0,7,0,True,0,0,3337.168571428571,3385.176627601157,1.0289786828818612,90.16,90.24857142857145,90.45
349,True,7,600.0,7,0,True,0,0,3450.865714285714,3472.9561853597534,1.012843835835666,91.71,91.92428571428572,92.26
350,True,7,600.0,7,0,True,0,0,3336.565714285714,3374.4907924053628,1.0228621997036629,91.81,92.07714285714285,92.26
352,True,6,600.0,7,-1,True,0,0,3454.2883333333334,3519.7144306629007,1.0382398305335327,91.02,91.485,92.07
353,True,6,600.0,7,-1,True,0,0,3653.4199999999996,3679.7780023709765,1.0144812716477114,92.27,92.77,93.32
354,True,6,600.0,7,-1,True,0,0,3734.5333333333333,3767.768690294916,1.0178781349457695,93.58,94.21666666666665,94.75
355,True,7,600.0,7,0,True,0,0,3256.4399999999996,3300.578661732775,1.0272922549571735,94.4,94.5,94.66
357,True,7,600.0,7,0,True,0,0,3330.2657142857142,3360.336610498589,1.018140690602918,94.58,94.66857142857143,94.87
358,True,7,600.0,7,0,True,0,0,3453.468571428571,3495.6636263968944,1.0245856171554313,94.64,94.72,94.87
359,True,7,600.0,7,0,True,0,0,3394.554285714286,3447.391243385559,1.0313727001648394,93.85,94.10285714285715,94.52
360,True,6,600.0,7,-1,True,0,0,3439.353333333333,3494.4540655873557,1.0322979944744797,93.83,93.93,94.21
363,True,7,600.0,7,0,True,0,0,3562.6657142857143,3589.7117870698994,1.0152406851816274,94.74,94.82428571428571,94.9
364,True,7,600.0,7,0,True,0,0,3777.7157142857145,3810.251577177774,1.0172993280362383,94.91,94.97857142857143,95.1
366,True,7,600.0,7,0,True,0,0,3667.1414285714286,3711.9989060247003,1.024614175810773,95.01,95.04142857142857,95.1
367,True,7,600.0,7,0,True,0,0,3646.084285714286,3687.8261110520302,1.0230278625343296,94.74,94.85571428571428,94.99
368,True,7,600.0,7,0,True,0,0,3534.468571428571,3574.8968007322555,1.0230073874572427,94.59,94.64142857142858,94.69
369,True,7,600.0,7,0,True,0,0,3865.0757142857146,3894.005861527983,1.015026054169537,94.57,94.61428571428571,94.67
371,True,7,600.0,7,0,True,0,0,3661.4014285714284,3698.2060911455046,1.0202051836235428,93.65,93.96428571428571,94.31
372,True,7,600.0,7,0,True,0,0,3934.2942857142866,3972.2203587090758,1.0193726606978757,93.23,93.39142857142858,93.57
373,True,7,600.0,7,0,True,0,0,3402.2014285714286,3413.5113731861843,1.0066596547486617,93.12,93.15142857142857,93.19
374,True,7,600.0,7,0,True,0,0,3835.7400000000002,3875.9793777646887,1.021091338949796,93.21,93.37714285714284,93.57
375,True,7,600.0,7,0,True,0,0,4006.992857142857,4029.1508780511062,1.0110902548779863,93.58,93.70714285714287,93.91
376,True,7,600.0,7,0,True,0,0,3833.152857142857,3858.825061316314,1.013439679448409,93.84,93.88571428571429,93.91
377,True,7,600.0,7,0,True,0,0,3703.875714285714,3728.707832838533,1.013453669730781,93.86,94.02428571428571,94.24
378,True,7,600.0,7,0,True,0,0,3640.567142857143,3682.625147769688,1.0232386564194642,94.3,94.56714285714285,94.96
379,True,7,600.0,7,0,True,0,0,3593.1114285714284,3643.9231102284725,1.0284828106367563,94.96,95.00428571428573,95.06
380,True,6,600.0,7,-1,True,0,0,3680.3033333333333,3746.4782209696614,1.0362849586585268,94.95,95.02666666666666,95.1
382,True,7,600.0,7,0,True,0,0,3394.35,3444.8245637747236,1.0299614632924394,94.91,95.25,95.53
383,True,7,600.0,7,0,True,0,0,3314.8514285714286,3364.1353893767628,1.0299562918856666,95.42,95.47714285714285,95.57
384,True,6,600.0,7,-1,True,0,0,3163.4233333333336,3228.6503771287053,1.0416634129357705,95.59,95.62666666666667,95.68
385,True,6,600.0,7,-1,True,0,0,3310.058333333333,3361.237352575685,1.031162396865271,94.93,95.17,95.52
386,True,7,600.0,7,0,True,0,0,3445.632857142857,3480.447219644132,1.0203099079534579,95.06,95.29285714285713,95.48
387,True,5,400.0,5,0,True,0,0,3453.4840000000004,3486.4593059434956,1.0191880066230663,95.11,95.24600000000001,95.4
388,True,5,400.0,5,0,True,0,0,3264.594,3286.4477830600017,1.0134331740176235,95.25,95.41,95.95
389,True,5,400.0,5,0,True,0,0,3256.1560000000004,3298.15145636461,1.0259608380581582,95.02,95.186,95.37
390,True,5,400.0,5,0,True,0,0,3373.286,3392.3435798073283,1.0113310364270327,95.08,95.14599999999999,95.2
391,True,5,400.0,5,0,True,0,0,3593.942,3611.58957209426,1.0098448445283308,95.15,95.17,95.19
392,True,4,400.0,5,-1,True,0,0,3432.8450000000003,3484.9258809550024,1.0305728627423267,95.18,95.1975,95.25
393,True,5,400.0,5,0,True,0,0,3418.6639999999998,3445.1676082013773,1.0155653462425296,95.26,95.28800000000001,95.36
394,True,5,400.0,5,0,True,0,0,3249.954,3286.339384138528,1.0225166653783955,95.38,95.44200000000001,95.52
395,True,5,400.0,5,0,True,0,0,3278.608,3299.6082243078495,1.0128514783690798,95.47,95.49000000000001,95.52
396,True,4,400.0,5,-1,True,0,0,3509.6850000000004,3544.992316909869,1.0202211378739405,95.36,95.39500000000001,95.44
397,True,4,400.0,5,-1,True,0,0,2830.965,2843.2127537259676,1.0086714231921512,94.71,95.115,95.37
398,True,4,400.0,5,-1,True,0,0,2986.325,3010.4020041266913,1.0161898410771144,94.86,94.9825,95.12
399,True,4,400.0,5,-1,True,0,0,3545.495,3556.7385407631527,1.006352494434573,94.8,94.9075,95.2
400,True,16,400.0,5,11,True,0,0,3463.011875,3477.1143773600184,1.008161229496946,94.49,94.861875,95.18
401,True,16,400.0,5,11,True,0,0,3538.064375,3547.41805289865,1.0052944441894998,94.41,94.77374999999999,95.2
403,True,5,400.0,5,0,True,0,0,2359.856,2492.910873440926,1.1159442481985051,94.47,94.86,95.08
404,True,5,400.0,5,0,True,0,0,2703.6879999999996,2815.4926091467546,1.0844152997362366,94.53,94.732,95.01
405,True,5,400.0,5,0,True,0,0,2623.702,2706.6031150835547,1.0641923727598883,94.35,94.48599999999999,94.66
406,True,4,400.0,5,-1,True,0,0,2486.8399999999997,2584.641649910099,1.080202028235442,94.52,94.63250000000001,94.74
407,True,5,400.0,5,0,True,0,0,2691.044,2762.954934478664,1.0541587190108235,94.77,94.83,94.9
408,True,5,400.0,5,0,True,0,0,2423.996,2514.6176215082883,1.0761680927650128,94.81,94.838,94.88
410,True,5,400.0,5,0,True,0,0,2314.668,2422.5086532683426,1.0953508733024737,95.08,95.088,95.09
411,True,5,400.0,5,0,True,0,0,2502.56,2607.033923960331,1.0852364387293985,95.09,95.15599999999999,95.25
413,True,5,400.0,5,0,True,0,0,2432.2920000000004,2506.944660992739,1.062326638671333,95.42,95.44399999999999,95.48
414,True,5,400.0,5,0,True,0,0,2688.986,2745.3427802116075,1.0423560059535002,95.51,95.55799999999999,95.58
415,True,4,400.0,5,-1,True,0,0,2569.9425,2684.5264567005106,1.0911603181803493,95.59,95.72250000000001,95.8
416,True,4,400.0,5,-1,True,0,0,2742.2975,2791.9363087962806,1.0365300039076,95.86,95.8675,95.88
417,True,4,400.0,5,-1,True,0,0,2748.6225,2780.0493847277244,1.022998099799447,95.85,95.8575,95.86
418,True,5,400.0,5,0,True,0,0,2329.592,2407.6928389726127,1.0681750499891969,95.87,95.874,95.88
419,True,5,400.0,5,0,True,0,0,2695.814,2735.3009260298945,1.029509542078625,95.69,95.77399999999999,95.9
420,True,5,400.0,5,0,True,0,0,2577.316,2656.443771066875,1.0623458251635278,95.69,95.736,95.75
422,True,5,400.0,5,0,True,0,0,2242.148,2332.0696414558465,1.0818186855684921,95.81,95.812,95.82
423,True,5,400.0,5,0,True,0,0,2081.598,2196.401274526128,1.1133447106906735,95.78,95.864,95.94
427,True,5,400.0,5,0,True,0,0,2568.0980000000004,2623.085738160307,1.0432821744787877,96.2,96.22200000000001,96.24
428,True,5,400.0,5,0,True,0,0,2718.718,2797.4770469085174,1.0587775853476493,96.1,96.2,96.26
429,True,5,400.0,5,0,True,0,0,2561.2580000000003,2636.555850085486,1.0596618399220055,96.05,96.06800000000001,96.1
430,True,4,400.0,5,-1,True,0,0,2667.66,2795.0145162324293,1.0977594436677027,96.05,96.0775,96.09
431,True,5,400.0,5,0,True,0,0,2597.282,2695.5252188358395,1.077081551513411,95.8,95.882,95.99
432,True,4,400.0,5,-1,True,0,0,2681.4325,2783.2972224908,1.0774209963107928,95.8,95.83500000000001,95.89
433,True,4,400.0,5,-1,True,0,0,2431.6875,2533.731465886825,1.0856895186015048,95.91,95.93249999999999,95.96
434,True,5,400.0,5,0,True,0,0,2683.33,2760.0911115939634,1.0580316630020747,95.96,96.048,96.1
435,False,5,400.0,5,0,True,0,0,2752.85,2816.3490325561565,1.0466653741356593,96.09,96.09200000000001,96.1
436,True,13,1200.0,13,0,True,0,0,2862.4353846153845,2902.7140085682677,1.0283409110616726,94.56,95.01846153846154,95.35
437,True,13,1200.0,13,0,True,0,0,2953.989230769231,2999.4177787466588,1.0309939276459397,94.56,95.20153846153845,95.46
439,True,12,1200.0,13,-1,True,0,0,2965.225,3030.712203528515,1.0446578915838254,94.69,94.73,94.77
440,True,13,1200.0,13,0,True,0,0,2980.0576923076924,3023.8441219961674,1.0296021852565704,94.76,94.96384615384613,95.06
441,True,13,1200.0,13,0,True,0,0,3047.2169230769236,3090.662333548488,1.0287180867103884,94.89,94.99384615384618,95.07
442,True,13,1200.0,13,0,True,0,0,3227.070769230769,3244.9052710008705,1.011083601506727,94.9,94.9569230769231,95.01
443,True,13,1200.0,13,0,True,0,0,3216.577692307692,3263.119867638473,1.0291483061356235,94.95,95.03692307692307,95.12
446,True,12,1200.0,13,-1,True,0,0,3503.773333333333,3520.4464482363596,1.009539878180463,95.3,95.35666666666667,95.43
447,True,12,1200.0,13,-1,True,0,0,3461.943333333334,3485.7097143049646,1.0137772096528606,95.32,95.57416666666666,95.64
448,True,13,1200.0,13,0,True,0,0,3329.788461538461,3365.3941978740936,1.0215005274159912,95.27,95.43384615384615,95.58
449,True,12,1200.0,13,-1,True,0,0,3449.7641666666673,3475.2906142784186,1.0148537045107198,95.26,95.36166666666668,95.45
450,True,12,1200.0,13,-1,True,0,0,3041.726666666667,3070.648951285922,1.0191074292347635,95.44,95.58166666666666,95.66
451,True,13,1200.0,13,0,True,0,0,2783.163846153846,2840.421188809586,1.0415687443788926,95.67,95.78999999999999,95.9
452,True,12,1200.0,13,-1,True,0,0,3034.9933333333333,3064.3394898085294,1.0194320257914302,95.62,95.69583333333333,95.78
454,True,13,1200.0,13,0,True,0,0,2908.9576923076925,2935.7973402769007,1.0185382322593892,95.58,95.63538461538461,95.7
455,True,13,1200.0,13,0,True,0,0,2797.2707692307695,2845.9584390770447,1.035113786647927,95.6,95.66153846153848,95.73
456,True,13,1200.0,13,0,True,0,0,2719.583846153846,2777.541531680074,1.0430766350408944,95.63,95.71692307692307,95.8
457,True,12,1200.0,13,-1,True,0,0,2867.421666666667,2903.8195497625766,1.0255483129499796,95.77,95.88333333333333,95.95
458,True,13,1200.0,13,0,True,0,0,2956.376153846154,2994.649915819107,1.0260599527066596,95.83,95.95615384615385,96.04
459,True,12,1200.0,13,-1,True,0,0,2761.6783333333333,2793.4260284550223,1.023123748537103,95.99,96.125,96.24
460,True,13,1200.0,13,0,True,0,0,2971.579230769231,3003.8699763638238,1.021851135171461,95.73,95.93230769230769,96.08
461,False,13,1200.0,13,0,True,0,0,2973.495384615385,3000.6960903302215,1.0183791224883407,95.77,95.98230769230767,96.08
462,True,13,1200.0,13,0,True,0,0,3097.415384615385,3140.7693662687666,1.0281895614784438,95.96,96.09846153846154,96.21
463,True,12,1200.0,13,-1,True,0,0,3156.4466666666667,3185.6114453717255,1.018564873374445,95.95,96.1275,96.28
465,True,13,1200.0,13,0,True,0,0,2898.514615384615,2946.414381827251,1.0333243468790825,96.12,96.21230769230769,96.27
466,True,13,1200.0,13,0,True,0,0,3147.2353846153846,3181.0776767340003,1.0216216719887032,96.1,96.24076923076925,96.29
467,True,13,1200.0,13,0,True,0,0,3224.6292307692306,3290.855918751931,1.0414973365189937,96.12,96.72461538461539,97.32
468,True,12,1200.0,13,-1,True,0,0,3387.4491666666668,3425.439955199186,1.022556102283458,97.26,97.58416666666666,97.83
469,True,12,1200.0,13,-1,True,0,0,3699.805,3735.71371971051,1.0195053398883933,96.79,96.98083333333334,97.25
470,True,13,1200.0,13,0,True,0,0,4091.673076923077,4110.081845309915,1.0090184036258718,96.85,97.26846153846152,97.38
471,True,12,1200.0,13,-1,True,0,0,4135.8925,4155.0925253606965,1.0093061371559635,97.24,97.33,97.51
472,True,12,1200.0,13,-1,True,0,0,3880.706666666667,3913.316564656719,1.0168767766456992,97.34,97.70083333333332,97.82
473,True,12,1200.0,13,-1,True,0,0,3698.9816666666666,3721.8765601933483,1.0124173352083834,97.87,98.25666666666666,98.41
475,True,13,1200.0,13,0,True,0,0,3425.6969230769237,3453.254921218976,1.0161537017651538,98.15,98.36538461538463,98.61
476,True,12,1200.0,13,-1,True,0,0,3253.7741666666666,3293.69389338551,1.0246880128383482,97.92,98.14666666666669,98.38
478,True,12,1200.0,13,-1,True,0,0,2826.1141666666663,2835.844153038915,1.0068976236698364,98.02,98.44583333333333,98.86
479,True,12,1200.0,13,-1,True,0,0,2860.3433333333337,2901.102104344715,1.0287022671621828,97.99,98.13833333333334,98.33
481,True,13,1200.0,13,0,True,0,0,3617.216153846154,3654.219490800485,1.020564214815694,98.22,98.4076923076923,98.52
482,True,13,1200.0,13,0,True,0,0,3887.027692307692,3923.2840722361084,1.0187420693166744,97.12,97.72076923076922,98.18
484,True,13,1200.0,13,0,True,0,0,3993.291538461538,4015.248812241614,1.0110273142061073,97.5,97.83923076923078,98.1
486,True,12,1200.0,13,-1,True,0,0,4145.6625,4168.488830986396,1.0110424679954155,97.26,97.63499999999999,97.93
487,True,12,1200.0,13,-1,True,0,0,3551.775,3590.5097102755944,1.0219304012681516,98.02,98.32499999999999,98.49
488,True,13,1200.0,13,0,True,0,0,3916.4300000000003,3949.2979570717084,1.0168550830097982,98.34,98.53615384615384,98.63
489,True,12,1200.0,13,-1,True,0,0,3183.1408333333334,3196.7048620324126,1.0085405761115107,98.09,98.34500000000001,98.53
491,True,12,1200.0,13,-1,True,0,0,3616.6491666666666,3660.7973509321255,1.024562869729664,97.37,97.76083333333332,98.04
492,False,12,1200.0,13,-1,True,0,0,3625.3641666666663,3655.3900083837384,1.0166329117437694,98.07,98.49083333333334,98.87
493,True,12,1200.0,13,-1,True,0,0,3650.4225,3679.7386573177087,1.016126283901844,97.09,97.51916666666665,97.99
494,True,12,1200.0,13,-1,True,0,0,3484.295,3511.9664345823885,1.0159465915074573,96.34,96.70583333333333,97.05
495,True,13,1200.0,13,0,True,0,0,3520.8138461538456,3560.7730515307617,1.0228276552488462,96.34,97.10384615384616,97.9
